{
  "Total" : {
    "transaction" : "Total",
    "sampleCount" : 600,
    "errorCount" : 0,
    "errorPct" : 0.0,
    "meanResTime" : 1322.831666666667,
    "medianResTime" : 1257.5,
    "minResTime" : 286.0,
    "maxResTime" : 8851.0,
    "pct1ResTime" : 2873.2,
    "pct2ResTime" : 3382.2499999999964,
    "pct3ResTime" : 4628.810000000003,
    "throughput" : 51.120388514952715,
    "receivedKBytesPerSec" : 465.9710777083156,
    "sentKBytesPerSec" : 15.925199156513589
  },
  "Create Booking" : {
    "transaction" : "Create Booking",
    "sampleCount" : 200,
    "errorCount" : 0,
    "errorPct" : 0.0,
    "meanResTime" : 339.465,
    "medianResTime" : 308.5,
    "minResTime" : 286.0,
    "maxResTime" : 1409.0,
    "pct1ResTime" : 361.30000000000007,
    "pct2ResTime" : 379.95,
    "pct3ResTime" : 1337.1500000000008,
    "throughput" : 24.651793417971156,
    "receivedKBytesPerSec" : 22.85153842598299,
    "sentKBytesPerSec" : 11.435158079625293
  },
  "Get Booking" : {
    "transaction" : "Get Booking",
    "sampleCount" : 200,
    "errorCount" : 0,
    "errorPct" : 0.0,
    "meanResTime" : 1476.4649999999995,
    "medianResTime" : 1262.0,
    "minResTime" : 593.0,
    "maxResTime" : 7207.0,
    "pct1ResTime" : 2651.9,
    "pct2ResTime" : 3177.4499999999994,
    "pct3ResTime" : 6840.530000000013,
    "throughput" : 20.852882911062455,
    "receivedKBytesPerSec" : 535.0879282986655,
    "sentKBytesPerSec" : 4.561568136794913
  },
  "Create Token" : {
    "transaction" : "Create Token",
    "sampleCount" : 200,
    "errorCount" : 0,
    "errorPct" : 0.0,
    "meanResTime" : 2152.565000000001,
    "medianResTime" : 1806.5,
    "minResTime" : 1239.0,
    "maxResTime" : 8851.0,
    "pct1ResTime" : 3401.2000000000003,
    "pct2ResTime" : 3610.8,
    "pct3ResTime" : 4628.810000000003,
    "throughput" : 20.69750595053296,
    "receivedKBytesPerSec" : 15.696956173031149,
    "sentKBytesPerSec" : 5.214801303942875
  }
}